LOCATION,INDICATOR,SUBJECT,MEASURE,FREQUENCY,TIME,Value,Flag Codes
AUS,REALGDPFORECAST,TOT,AGRWTH,A,2009,1.8725986111,
AUS,REALGDPFORECAST,TOT,AGRWTH,A,2010,2.4663691624,
AUS,REALGDPFORECAST,TOT,AGRWTH,A,2011,2.6695883251,
AUS,REALGDPFORECAST,TOT,AGRWTH,A,2012,3.9279810961,
AUS,REALGDPFORECAST,TOT,AGRWTH,A,2013,2.2221083522,
AUS,REALGDPFORECAST,TOT,AGRWTH,A,2014,2.5417280409,
AUS,REALGDPFORECAST,TOT,AGRWTH,A,2015,2.5138852504,
AUS,REALGDPFORECAST,TOT,AGRWTH,A,2016,2.5718825522,
AUS,REALGDPFORECAST,TOT,AGRWTH,A,2017,2.2431734751,
AUS,REALGDPFORECAST,TOT,AGRWTH,A,2018,3.0575646775,
AUS,REALGDPFORECAST,TOT,AGRWTH,A,2019,2.9340334973,
AUS,REALGDPFORECAST,TOT,AGRWTH,A,2020,2.5935115551,
AUT,REALGDPFORECAST,TOT,AGRWTH,A,2009,-3.6456867455,
AUT,REALGDPFORECAST,TOT,AGRWTH,A,2010,1.8816290338,
AUT,REALGDPFORECAST,TOT,AGRWTH,A,2011,3.0267220865,
AUT,REALGDPFORECAST,TOT,AGRWTH,A,2012,0.6154991151,
AUT,REALGDPFORECAST,TOT,AGRWTH,A,2013,-0.0249974013,
AUT,REALGDPFORECAST,TOT,AGRWTH,A,2014,0.7757965644,
AUT,REALGDPFORECAST,TOT,AGRWTH,A,2015,1.0999325165,
AUT,REALGDPFORECAST,TOT,AGRWTH,A,2016,2.0361390252,
AUT,REALGDPFORECAST,TOT,AGRWTH,A,2017,2.719169636,
AUT,REALGDPFORECAST,TOT,AGRWTH,A,2018,2.6280795379,
AUT,REALGDPFORECAST,TOT,AGRWTH,A,2019,1.9475285291,
AUT,REALGDPFORECAST,TOT,AGRWTH,A,2020,1.9033143735,
BEL,REALGDPFORECAST,TOT,AGRWTH,A,2009,-2.2504568397,
BEL,REALGDPFORECAST,TOT,AGRWTH,A,2010,2.7441570631,
BEL,REALGDPFORECAST,TOT,AGRWTH,A,2011,1.7986118451,
BEL,REALGDPFORECAST,TOT,AGRWTH,A,2012,0.2346054105,
BEL,REALGDPFORECAST,TOT,AGRWTH,A,2013,0.2012538907,
BEL,REALGDPFORECAST,TOT,AGRWTH,A,2014,1.2543258983,
BEL,REALGDPFORECAST,TOT,AGRWTH,A,2015,1.7159734546,
BEL,REALGDPFORECAST,TOT,AGRWTH,A,2016,1.4889025378,
BEL,REALGDPFORECAST,TOT,AGRWTH,A,2017,1.6933586713,
BEL,REALGDPFORECAST,TOT,AGRWTH,A,2018,1.5115013737,
BEL,REALGDPFORECAST,TOT,AGRWTH,A,2019,1.4220197755,
BEL,REALGDPFORECAST,TOT,AGRWTH,A,2020,1.3566215503,
CAN,REALGDPFORECAST,TOT,AGRWTH,A,2009,-2.9495719112,
CAN,REALGDPFORECAST,TOT,AGRWTH,A,2010,3.0834650953,
CAN,REALGDPFORECAST,TOT,AGRWTH,A,2011,3.1412199901,
CAN,REALGDPFORECAST,TOT,AGRWTH,A,2012,1.7455185516,
CAN,REALGDPFORECAST,TOT,AGRWTH,A,2013,2.4750164704,
CAN,REALGDPFORECAST,TOT,AGRWTH,A,2014,2.8557091227,
CAN,REALGDPFORECAST,TOT,AGRWTH,A,2015,1.0009251425,
CAN,REALGDPFORECAST,TOT,AGRWTH,A,2016,1.4140739983,
CAN,REALGDPFORECAST,TOT,AGRWTH,A,2017,3.0473780139,
CAN,REALGDPFORECAST,TOT,AGRWTH,A,2018,2.1172124478,
CAN,REALGDPFORECAST,TOT,AGRWTH,A,2019,2.188854086,
CAN,REALGDPFORECAST,TOT,AGRWTH,A,2020,1.8907656509,
CZE,REALGDPFORECAST,TOT,AGRWTH,A,2009,-4.6661496622,
CZE,REALGDPFORECAST,TOT,AGRWTH,A,2010,2.1259458165,
CZE,REALGDPFORECAST,TOT,AGRWTH,A,2011,1.7804334964,
CZE,REALGDPFORECAST,TOT,AGRWTH,A,2012,-0.728140098,
CZE,REALGDPFORECAST,TOT,AGRWTH,A,2013,-0.4850784799,
CZE,REALGDPFORECAST,TOT,AGRWTH,A,2014,2.7145656027,
CZE,REALGDPFORECAST,TOT,AGRWTH,A,2015,5.3827085844,
CZE,REALGDPFORECAST,TOT,AGRWTH,A,2016,2.3601418485,
CZE,REALGDPFORECAST,TOT,AGRWTH,A,2017,4.4759349279,
CZE,REALGDPFORECAST,TOT,AGRWTH,A,2018,2.9964087208,
CZE,REALGDPFORECAST,TOT,AGRWTH,A,2019,2.699677299,
CZE,REALGDPFORECAST,TOT,AGRWTH,A,2020,2.61622156,
DNK,REALGDPFORECAST,TOT,AGRWTH,A,2009,-4.9065255581,
DNK,REALGDPFORECAST,TOT,AGRWTH,A,2010,1.8709926387,
DNK,REALGDPFORECAST,TOT,AGRWTH,A,2011,1.3367746667,
DNK,REALGDPFORECAST,TOT,AGRWTH,A,2012,0.2264684759,
DNK,REALGDPFORECAST,TOT,AGRWTH,A,2013,0.9333492815,
DNK,REALGDPFORECAST,TOT,AGRWTH,A,2014,1.6193749707,
DNK,REALGDPFORECAST,TOT,AGRWTH,A,2015,2.3426202744,
DNK,REALGDPFORECAST,TOT,AGRWTH,A,2016,2.3996821901,
DNK,REALGDPFORECAST,TOT,AGRWTH,A,2017,2.2623663093,
DNK,REALGDPFORECAST,TOT,AGRWTH,A,2018,1.1740400191,
DNK,REALGDPFORECAST,TOT,AGRWTH,A,2019,1.9276249018,
DNK,REALGDPFORECAST,TOT,AGRWTH,A,2020,1.6441003788,
FIN,REALGDPFORECAST,TOT,AGRWTH,A,2009,-8.2690365583,
FIN,REALGDPFORECAST,TOT,AGRWTH,A,2010,2.9923375022,
FIN,REALGDPFORECAST,TOT,AGRWTH,A,2011,2.5708177445,
FIN,REALGDPFORECAST,TOT,AGRWTH,A,2012,-1.4261893596,
FIN,REALGDPFORECAST,TOT,AGRWTH,A,2013,-0.7585649115,
FIN,REALGDPFORECAST,TOT,AGRWTH,A,2014,-0.6317314555,
FIN,REALGDPFORECAST,TOT,AGRWTH,A,2015,0.1350829795,
FIN,REALGDPFORECAST,TOT,AGRWTH,A,2016,2.4774630094,
FIN,REALGDPFORECAST,TOT,AGRWTH,A,2017,2.7973379581,
FIN,REALGDPFORECAST,TOT,AGRWTH,A,2018,2.8111984186,
FIN,REALGDPFORECAST,TOT,AGRWTH,A,2019,1.8220587158,
FIN,REALGDPFORECAST,TOT,AGRWTH,A,2020,1.5740555364,
FRA,REALGDPFORECAST,TOT,AGRWTH,A,2009,-2.808388801,
FRA,REALGDPFORECAST,TOT,AGRWTH,A,2010,1.8652325432,
FRA,REALGDPFORECAST,TOT,AGRWTH,A,2011,2.2278519534,
FRA,REALGDPFORECAST,TOT,AGRWTH,A,2012,0.3822485734,
FRA,REALGDPFORECAST,TOT,AGRWTH,A,2013,0.5927224338,
FRA,REALGDPFORECAST,TOT,AGRWTH,A,2014,0.9940203865,
FRA,REALGDPFORECAST,TOT,AGRWTH,A,2015,1.027557238,
FRA,REALGDPFORECAST,TOT,AGRWTH,A,2016,1.1105487872,
FRA,REALGDPFORECAST,TOT,AGRWTH,A,2017,2.2938965025,
FRA,REALGDPFORECAST,TOT,AGRWTH,A,2018,1.6143986779,
FRA,REALGDPFORECAST,TOT,AGRWTH,A,2019,1.6041627301,
FRA,REALGDPFORECAST,TOT,AGRWTH,A,2020,1.4667867258,
DEU,REALGDPFORECAST,TOT,AGRWTH,A,2009,-5.5603374075,
DEU,REALGDPFORECAST,TOT,AGRWTH,A,2010,3.9372949326,
DEU,REALGDPFORECAST,TOT,AGRWTH,A,2011,3.720499073,
DEU,REALGDPFORECAST,TOT,AGRWTH,A,2012,0.6908379429,
DEU,REALGDPFORECAST,TOT,AGRWTH,A,2013,0.6069329495,
DEU,REALGDPFORECAST,TOT,AGRWTH,A,2014,2.1770232248,
DEU,REALGDPFORECAST,TOT,AGRWTH,A,2015,1.4818790693,
DEU,REALGDPFORECAST,TOT,AGRWTH,A,2016,2.1570160511,
DEU,REALGDPFORECAST,TOT,AGRWTH,A,2017,2.4558797047,
DEU,REALGDPFORECAST,TOT,AGRWTH,A,2018,1.5716943624,
DEU,REALGDPFORECAST,TOT,AGRWTH,A,2019,1.607873509,
DEU,REALGDPFORECAST,TOT,AGRWTH,A,2020,1.3701924,
GRC,REALGDPFORECAST,TOT,AGRWTH,A,2009,-4.3007374728,
GRC,REALGDPFORECAST,TOT,AGRWTH,A,2010,-5.4790688222,
GRC,REALGDPFORECAST,TOT,AGRWTH,A,2011,-9.1324922113,
GRC,REALGDPFORECAST,TOT,AGRWTH,A,2012,-7.3004847872,
GRC,REALGDPFORECAST,TOT,AGRWTH,A,2013,-3.2414242623,
GRC,REALGDPFORECAST,TOT,AGRWTH,A,2014,0.7398091011,
GRC,REALGDPFORECAST,TOT,AGRWTH,A,2015,-0.4378560679,
GRC,REALGDPFORECAST,TOT,AGRWTH,A,2016,-0.1909364709,
GRC,REALGDPFORECAST,TOT,AGRWTH,A,2017,1.5050913482,
GRC,REALGDPFORECAST,TOT,AGRWTH,A,2018,2.1412283435,
GRC,REALGDPFORECAST,TOT,AGRWTH,A,2019,2.190916472,
GRC,REALGDPFORECAST,TOT,AGRWTH,A,2020,2.1180516126,
HUN,REALGDPFORECAST,TOT,AGRWTH,A,2009,-6.5623086888,
HUN,REALGDPFORECAST,TOT,AGRWTH,A,2010,0.5934594873,
HUN,REALGDPFORECAST,TOT,AGRWTH,A,2011,1.6685166901,
HUN,REALGDPFORECAST,TOT,AGRWTH,A,2012,-1.5099701255,
HUN,REALGDPFORECAST,TOT,AGRWTH,A,2013,2.183511277,
HUN,REALGDPFORECAST,TOT,AGRWTH,A,2014,4.1156732101,
HUN,REALGDPFORECAST,TOT,AGRWTH,A,2015,3.4777139835,
HUN,REALGDPFORECAST,TOT,AGRWTH,A,2016,2.179397741,
HUN,REALGDPFORECAST,TOT,AGRWTH,A,2017,4.3696913361,
HUN,REALGDPFORECAST,TOT,AGRWTH,A,2018,4.6461658857,
HUN,REALGDPFORECAST,TOT,AGRWTH,A,2019,3.873584856,
HUN,REALGDPFORECAST,TOT,AGRWTH,A,2020,3.3082132556,
ISL,REALGDPFORECAST,TOT,AGRWTH,A,2009,-6.7772150538,
ISL,REALGDPFORECAST,TOT,AGRWTH,A,2010,-3.4358755985,
ISL,REALGDPFORECAST,TOT,AGRWTH,A,2011,1.8816203227,
ISL,REALGDPFORECAST,TOT,AGRWTH,A,2012,1.2964375901,
ISL,REALGDPFORECAST,TOT,AGRWTH,A,2013,4.1338511018,
ISL,REALGDPFORECAST,TOT,AGRWTH,A,2014,2.0802871988,
ISL,REALGDPFORECAST,TOT,AGRWTH,A,2015,4.467860505,
ISL,REALGDPFORECAST,TOT,AGRWTH,A,2016,7.3514753066,
ISL,REALGDPFORECAST,TOT,AGRWTH,A,2017,3.9891444504,
ISL,REALGDPFORECAST,TOT,AGRWTH,A,2018,3.777400052,
ISL,REALGDPFORECAST,TOT,AGRWTH,A,2019,2.8411560757,
ISL,REALGDPFORECAST,TOT,AGRWTH,A,2020,2.5828183012,
IRL,REALGDPFORECAST,TOT,AGRWTH,A,2009,-5.0544772739,
IRL,REALGDPFORECAST,TOT,AGRWTH,A,2010,1.8786919273,
IRL,REALGDPFORECAST,TOT,AGRWTH,A,2011,3.6775141717,
IRL,REALGDPFORECAST,TOT,AGRWTH,A,2012,0.1930154494,
IRL,REALGDPFORECAST,TOT,AGRWTH,A,2013,1.3376974448,
IRL,REALGDPFORECAST,TOT,AGRWTH,A,2014,8.7518418845,
IRL,REALGDPFORECAST,TOT,AGRWTH,A,2015,25.009260146,
IRL,REALGDPFORECAST,TOT,AGRWTH,A,2016,4.9071454746,
IRL,REALGDPFORECAST,TOT,AGRWTH,A,2017,7.2045583344,
IRL,REALGDPFORECAST,TOT,AGRWTH,A,2018,5.9211449742,
IRL,REALGDPFORECAST,TOT,AGRWTH,A,2019,4.0543065244,
IRL,REALGDPFORECAST,TOT,AGRWTH,A,2020,3.4490317347,
ITA,REALGDPFORECAST,TOT,AGRWTH,A,2009,-5.5342101728,
ITA,REALGDPFORECAST,TOT,AGRWTH,A,2010,1.6482827574,
ITA,REALGDPFORECAST,TOT,AGRWTH,A,2011,0.720038054,
ITA,REALGDPFORECAST,TOT,AGRWTH,A,2012,-2.851726148,
ITA,REALGDPFORECAST,TOT,AGRWTH,A,2013,-1.7493228733,
ITA,REALGDPFORECAST,TOT,AGRWTH,A,2014,0.1823283145,
ITA,REALGDPFORECAST,TOT,AGRWTH,A,2015,0.8287143212,
ITA,REALGDPFORECAST,TOT,AGRWTH,A,2016,0.9721425448,
ITA,REALGDPFORECAST,TOT,AGRWTH,A,2017,1.5725388647,
ITA,REALGDPFORECAST,TOT,AGRWTH,A,2018,0.995249837,
ITA,REALGDPFORECAST,TOT,AGRWTH,A,2019,0.9308732951,
ITA,REALGDPFORECAST,TOT,AGRWTH,A,2020,0.9412182697,
JPN,REALGDPFORECAST,TOT,AGRWTH,A,2009,-5.4164127967,
JPN,REALGDPFORECAST,TOT,AGRWTH,A,2010,4.1917392586,
JPN,REALGDPFORECAST,TOT,AGRWTH,A,2011,-0.1154213397,
JPN,REALGDPFORECAST,TOT,AGRWTH,A,2012,1.4950895859,
JPN,REALGDPFORECAST,TOT,AGRWTH,A,2013,2.0002678411,
JPN,REALGDPFORECAST,TOT,AGRWTH,A,2014,0.3747194763,
JPN,REALGDPFORECAST,TOT,AGRWTH,A,2015,1.353823114,
JPN,REALGDPFORECAST,TOT,AGRWTH,A,2016,0.9616482506,
JPN,REALGDPFORECAST,TOT,AGRWTH,A,2017,1.718651211,
JPN,REALGDPFORECAST,TOT,AGRWTH,A,2018,0.8653381825,
JPN,REALGDPFORECAST,TOT,AGRWTH,A,2019,0.9574658489,
JPN,REALGDPFORECAST,TOT,AGRWTH,A,2020,0.6821026407,
KOR,REALGDPFORECAST,TOT,AGRWTH,A,2009,0.7075184826,
KOR,REALGDPFORECAST,TOT,AGRWTH,A,2010,6.4967851689,
KOR,REALGDPFORECAST,TOT,AGRWTH,A,2011,3.6817046665,
KOR,REALGDPFORECAST,TOT,AGRWTH,A,2012,2.2923900489,
KOR,REALGDPFORECAST,TOT,AGRWTH,A,2013,2.8962123868,
KOR,REALGDPFORECAST,TOT,AGRWTH,A,2014,3.3414402773,
KOR,REALGDPFORECAST,TOT,AGRWTH,A,2015,2.7902291593,
KOR,REALGDPFORECAST,TOT,AGRWTH,A,2016,2.9293186296,
KOR,REALGDPFORECAST,TOT,AGRWTH,A,2017,3.062761636,
KOR,REALGDPFORECAST,TOT,AGRWTH,A,2018,2.6563646141,
KOR,REALGDPFORECAST,TOT,AGRWTH,A,2019,2.7718390239,
KOR,REALGDPFORECAST,TOT,AGRWTH,A,2020,2.8579673299,
LUX,REALGDPFORECAST,TOT,AGRWTH,A,2009,-4.3742478692,
LUX,REALGDPFORECAST,TOT,AGRWTH,A,2010,4.8593747112,
LUX,REALGDPFORECAST,TOT,AGRWTH,A,2011,2.5439936553,
LUX,REALGDPFORECAST,TOT,AGRWTH,A,2012,-0.3615926616,
LUX,REALGDPFORECAST,TOT,AGRWTH,A,2013,3.6667342187,
LUX,REALGDPFORECAST,TOT,AGRWTH,A,2014,4.3072265107,
LUX,REALGDPFORECAST,TOT,AGRWTH,A,2015,3.9303784263,
LUX,REALGDPFORECAST,TOT,AGRWTH,A,2016,2.4042098047,
LUX,REALGDPFORECAST,TOT,AGRWTH,A,2017,1.5502919088,
LUX,REALGDPFORECAST,TOT,AGRWTH,A,2018,2.9881414849,
LUX,REALGDPFORECAST,TOT,AGRWTH,A,2019,2.9079515181,
LUX,REALGDPFORECAST,TOT,AGRWTH,A,2020,3.2095781455,
MEX,REALGDPFORECAST,TOT,AGRWTH,A,2009,-5.0381664378,
MEX,REALGDPFORECAST,TOT,AGRWTH,A,2010,5.1274526427,
MEX,REALGDPFORECAST,TOT,AGRWTH,A,2011,3.670487836,
MEX,REALGDPFORECAST,TOT,AGRWTH,A,2012,3.3923004336,
MEX,REALGDPFORECAST,TOT,AGRWTH,A,2013,1.6197192899,
MEX,REALGDPFORECAST,TOT,AGRWTH,A,2014,2.8105131018,
MEX,REALGDPFORECAST,TOT,AGRWTH,A,2015,3.309153998,
MEX,REALGDPFORECAST,TOT,AGRWTH,A,2016,2.6281836447,
MEX,REALGDPFORECAST,TOT,AGRWTH,A,2017,2.3110295237,
MEX,REALGDPFORECAST,TOT,AGRWTH,A,2018,2.2119493164,
MEX,REALGDPFORECAST,TOT,AGRWTH,A,2019,2.5301591609,
MEX,REALGDPFORECAST,TOT,AGRWTH,A,2020,2.8043097544,
NLD,REALGDPFORECAST,TOT,AGRWTH,A,2009,-3.6727448386,
NLD,REALGDPFORECAST,TOT,AGRWTH,A,2010,1.3017161619,
NLD,REALGDPFORECAST,TOT,AGRWTH,A,2011,1.5406328948,
NLD,REALGDPFORECAST,TOT,AGRWTH,A,2012,-1.0310653255,
NLD,REALGDPFORECAST,TOT,AGRWTH,A,2013,-0.0838476488,
NLD,REALGDPFORECAST,TOT,AGRWTH,A,2014,1.4306522527,
NLD,REALGDPFORECAST,TOT,AGRWTH,A,2015,1.960213632,
NLD,REALGDPFORECAST,TOT,AGRWTH,A,2016,2.1417610808,
NLD,REALGDPFORECAST,TOT,AGRWTH,A,2017,2.961354151,
NLD,REALGDPFORECAST,TOT,AGRWTH,A,2018,2.6682557073,
NLD,REALGDPFORECAST,TOT,AGRWTH,A,2019,2.4510975446,
NLD,REALGDPFORECAST,TOT,AGRWTH,A,2020,2.09310785,
NZL,REALGDPFORECAST,TOT,AGRWTH,A,2009,0.3438775191,
NZL,REALGDPFORECAST,TOT,AGRWTH,A,2010,1.9761098717,
NZL,REALGDPFORECAST,TOT,AGRWTH,A,2011,1.9016099175,
NZL,REALGDPFORECAST,TOT,AGRWTH,A,2012,2.5612282686,
NZL,REALGDPFORECAST,TOT,AGRWTH,A,2013,2.2123116559,
NZL,REALGDPFORECAST,TOT,AGRWTH,A,2014,3.2623950964,
NZL,REALGDPFORECAST,TOT,AGRWTH,A,2015,4.2383224232,
NZL,REALGDPFORECAST,TOT,AGRWTH,A,2016,4.1298563065,
NZL,REALGDPFORECAST,TOT,AGRWTH,A,2017,2.7092064466,
NZL,REALGDPFORECAST,TOT,AGRWTH,A,2018,2.9308661542,
NZL,REALGDPFORECAST,TOT,AGRWTH,A,2019,2.8459579729,
NZL,REALGDPFORECAST,TOT,AGRWTH,A,2020,2.6316956991,
NOR,REALGDPFORECAST,TOT,AGRWTH,A,2009,-1.6909969608,
NOR,REALGDPFORECAST,TOT,AGRWTH,A,2010,0.6916630708,
NOR,REALGDPFORECAST,TOT,AGRWTH,A,2011,0.9719348771,
NOR,REALGDPFORECAST,TOT,AGRWTH,A,2012,2.721626795,
NOR,REALGDPFORECAST,TOT,AGRWTH,A,2013,1.0443890777,
NOR,REALGDPFORECAST,TOT,AGRWTH,A,2014,1.9751174445,
NOR,REALGDPFORECAST,TOT,AGRWTH,A,2015,1.9700529348,
NOR,REALGDPFORECAST,TOT,AGRWTH,A,2016,1.1873547641,
NOR,REALGDPFORECAST,TOT,AGRWTH,A,2017,1.9804377489,
NOR,REALGDPFORECAST,TOT,AGRWTH,A,2018,1.5699017529,
NOR,REALGDPFORECAST,TOT,AGRWTH,A,2019,1.9095087959,
NOR,REALGDPFORECAST,TOT,AGRWTH,A,2020,2.3310031341,
POL,REALGDPFORECAST,TOT,AGRWTH,A,2009,2.8201839731,
POL,REALGDPFORECAST,TOT,AGRWTH,A,2010,3.6069282614,
POL,REALGDPFORECAST,TOT,AGRWTH,A,2011,5.0173043898,
POL,REALGDPFORECAST,TOT,AGRWTH,A,2012,1.6079055852,
POL,REALGDPFORECAST,TOT,AGRWTH,A,2013,1.3918914187,
POL,REALGDPFORECAST,TOT,AGRWTH,A,2014,3.3184454148,
POL,REALGDPFORECAST,TOT,AGRWTH,A,2015,3.8389451675,
POL,REALGDPFORECAST,TOT,AGRWTH,A,2016,3.0625985414,
POL,REALGDPFORECAST,TOT,AGRWTH,A,2017,4.8058009003,
POL,REALGDPFORECAST,TOT,AGRWTH,A,2018,5.2245066531,
POL,REALGDPFORECAST,TOT,AGRWTH,A,2019,3.979437818,
POL,REALGDPFORECAST,TOT,AGRWTH,A,2020,3.2696191614,
PRT,REALGDPFORECAST,TOT,AGRWTH,A,2009,-2.9781047807,
PRT,REALGDPFORECAST,TOT,AGRWTH,A,2010,1.8986917246,
PRT,REALGDPFORECAST,TOT,AGRWTH,A,2011,-1.8268529086,
PRT,REALGDPFORECAST,TOT,AGRWTH,A,2012,-4.0282567105,
PRT,REALGDPFORECAST,TOT,AGRWTH,A,2013,-1.1301552392,
PRT,REALGDPFORECAST,TOT,AGRWTH,A,2014,0.8931870835,
PRT,REALGDPFORECAST,TOT,AGRWTH,A,2015,1.8220662784,
PRT,REALGDPFORECAST,TOT,AGRWTH,A,2016,1.925736245,
PRT,REALGDPFORECAST,TOT,AGRWTH,A,2017,2.7950459493,
PRT,REALGDPFORECAST,TOT,AGRWTH,A,2018,2.1533499905,
PRT,REALGDPFORECAST,TOT,AGRWTH,A,2019,2.0501430009,
PRT,REALGDPFORECAST,TOT,AGRWTH,A,2020,1.9437452175,
SVK,REALGDPFORECAST,TOT,AGRWTH,A,2009,-5.4225423133,
SVK,REALGDPFORECAST,TOT,AGRWTH,A,2010,5.041716665,
SVK,REALGDPFORECAST,TOT,AGRWTH,A,2011,2.8190995176,
SVK,REALGDPFORECAST,TOT,AGRWTH,A,2012,1.6571486872,
SVK,REALGDPFORECAST,TOT,AGRWTH,A,2013,1.490646452,
SVK,REALGDPFORECAST,TOT,AGRWTH,A,2014,2.7503350026,
SVK,REALGDPFORECAST,TOT,AGRWTH,A,2015,3.8501005908,
SVK,REALGDPFORECAST,TOT,AGRWTH,A,2016,3.3246952964,
SVK,REALGDPFORECAST,TOT,AGRWTH,A,2017,3.4001663242,
SVK,REALGDPFORECAST,TOT,AGRWTH,A,2018,4.0535046883,
SVK,REALGDPFORECAST,TOT,AGRWTH,A,2019,4.3388906012,
SVK,REALGDPFORECAST,TOT,AGRWTH,A,2020,3.6042175657,
ESP,REALGDPFORECAST,TOT,AGRWTH,A,2009,-3.5736654182,
ESP,REALGDPFORECAST,TOT,AGRWTH,A,2010,0.0140638778,
ESP,REALGDPFORECAST,TOT,AGRWTH,A,2011,-0.9987649581,
ESP,REALGDPFORECAST,TOT,AGRWTH,A,2012,-2.9277505072,
ESP,REALGDPFORECAST,TOT,AGRWTH,A,2013,-1.7057050003,
ESP,REALGDPFORECAST,TOT,AGRWTH,A,2014,1.3799972382,
ESP,REALGDPFORECAST,TOT,AGRWTH,A,2015,3.6447767538,
ESP,REALGDPFORECAST,TOT,AGRWTH,A,2016,3.172493499,
ESP,REALGDPFORECAST,TOT,AGRWTH,A,2017,2.9791824006,
ESP,REALGDPFORECAST,TOT,AGRWTH,A,2018,2.567067168,
ESP,REALGDPFORECAST,TOT,AGRWTH,A,2019,2.2418165949,
ESP,REALGDPFORECAST,TOT,AGRWTH,A,2020,1.9402140139,
SWE,REALGDPFORECAST,TOT,AGRWTH,A,2009,-5.1299822525,
SWE,REALGDPFORECAST,TOT,AGRWTH,A,2010,5.7031593374,
SWE,REALGDPFORECAST,TOT,AGRWTH,A,2011,2.7477049134,
SWE,REALGDPFORECAST,TOT,AGRWTH,A,2012,0.02215722,
SWE,REALGDPFORECAST,TOT,AGRWTH,A,2013,1.2178065887,
SWE,REALGDPFORECAST,TOT,AGRWTH,A,2014,2.7051859753,
SWE,REALGDPFORECAST,TOT,AGRWTH,A,2015,4.2114200341,
SWE,REALGDPFORECAST,TOT,AGRWTH,A,2016,2.4551084818,
SWE,REALGDPFORECAST,TOT,AGRWTH,A,2017,2.3603391504,
SWE,REALGDPFORECAST,TOT,AGRWTH,A,2018,2.4738430963,
SWE,REALGDPFORECAST,TOT,AGRWTH,A,2019,1.917917577,
SWE,REALGDPFORECAST,TOT,AGRWTH,A,2020,1.9232927829,
CHE,REALGDPFORECAST,TOT,AGRWTH,A,2009,-2.227938748,
CHE,REALGDPFORECAST,TOT,AGRWTH,A,2010,2.8671348006,
CHE,REALGDPFORECAST,TOT,AGRWTH,A,2011,1.8384723549,
CHE,REALGDPFORECAST,TOT,AGRWTH,A,2012,1.006636258,
CHE,REALGDPFORECAST,TOT,AGRWTH,A,2013,1.8807077614,
CHE,REALGDPFORECAST,TOT,AGRWTH,A,2014,2.4851000256,
CHE,REALGDPFORECAST,TOT,AGRWTH,A,2015,1.2651120677,
CHE,REALGDPFORECAST,TOT,AGRWTH,A,2016,1.5872250787,
CHE,REALGDPFORECAST,TOT,AGRWTH,A,2017,1.6655097838,
CHE,REALGDPFORECAST,TOT,AGRWTH,A,2018,2.9199498022,
CHE,REALGDPFORECAST,TOT,AGRWTH,A,2019,1.5530115383,
CHE,REALGDPFORECAST,TOT,AGRWTH,A,2020,1.6231459186,
TUR,REALGDPFORECAST,TOT,AGRWTH,A,2009,-4.8484698525,
TUR,REALGDPFORECAST,TOT,AGRWTH,A,2010,8.8754670136,
TUR,REALGDPFORECAST,TOT,AGRWTH,A,2011,10.6560105042,
TUR,REALGDPFORECAST,TOT,AGRWTH,A,2012,4.7399949869,
TUR,REALGDPFORECAST,TOT,AGRWTH,A,2013,8.9192211658,
TUR,REALGDPFORECAST,TOT,AGRWTH,A,2014,4.9692815251,
TUR,REALGDPFORECAST,TOT,AGRWTH,A,2015,5.9132431361,
TUR,REALGDPFORECAST,TOT,AGRWTH,A,2016,3.2210997879,
TUR,REALGDPFORECAST,TOT,AGRWTH,A,2017,7.3796952058,
TUR,REALGDPFORECAST,TOT,AGRWTH,A,2018,3.2774941396,
TUR,REALGDPFORECAST,TOT,AGRWTH,A,2019,-0.4041908672,
TUR,REALGDPFORECAST,TOT,AGRWTH,A,2020,2.7095796773,
GBR,REALGDPFORECAST,TOT,AGRWTH,A,2009,-4.2465515673,
GBR,REALGDPFORECAST,TOT,AGRWTH,A,2010,1.7112064469,
GBR,REALGDPFORECAST,TOT,AGRWTH,A,2011,1.6447700164,
GBR,REALGDPFORECAST,TOT,AGRWTH,A,2012,1.4470604418,
GBR,REALGDPFORECAST,TOT,AGRWTH,A,2013,2.0462995842,
GBR,REALGDPFORECAST,TOT,AGRWTH,A,2014,2.9475621677,
GBR,REALGDPFORECAST,TOT,AGRWTH,A,2015,2.3491226892,
GBR,REALGDPFORECAST,TOT,AGRWTH,A,2016,1.789288662,
GBR,REALGDPFORECAST,TOT,AGRWTH,A,2017,1.7411821333,
GBR,REALGDPFORECAST,TOT,AGRWTH,A,2018,1.3027238401,
GBR,REALGDPFORECAST,TOT,AGRWTH,A,2019,1.4093344765,
GBR,REALGDPFORECAST,TOT,AGRWTH,A,2020,1.1362247163,
USA,REALGDPFORECAST,TOT,AGRWTH,A,2009,-2.5367585862,
USA,REALGDPFORECAST,TOT,AGRWTH,A,2010,2.5637681599,
USA,REALGDPFORECAST,TOT,AGRWTH,A,2011,1.5508338535,
USA,REALGDPFORECAST,TOT,AGRWTH,A,2012,2.2495473951,
USA,REALGDPFORECAST,TOT,AGRWTH,A,2013,1.842081014,
USA,REALGDPFORECAST,TOT,AGRWTH,A,2014,2.4519699301,
USA,REALGDPFORECAST,TOT,AGRWTH,A,2015,2.8809104659,
USA,REALGDPFORECAST,TOT,AGRWTH,A,2016,1.567218046,
USA,REALGDPFORECAST,TOT,AGRWTH,A,2017,2.2170102673,
USA,REALGDPFORECAST,TOT,AGRWTH,A,2018,2.8946180058,
USA,REALGDPFORECAST,TOT,AGRWTH,A,2019,2.7145594719,
USA,REALGDPFORECAST,TOT,AGRWTH,A,2020,2.1286556348,
BRA,REALGDPFORECAST,TOT,AGRWTH,A,2009,-0.0503048719,
BRA,REALGDPFORECAST,TOT,AGRWTH,A,2010,7.5438027255,
BRA,REALGDPFORECAST,TOT,AGRWTH,A,2011,4.0862254089,
BRA,REALGDPFORECAST,TOT,AGRWTH,A,2012,1.8595304656,
BRA,REALGDPFORECAST,TOT,AGRWTH,A,2013,2.9752321494,
BRA,REALGDPFORECAST,TOT,AGRWTH,A,2014,0.5050235764,
BRA,REALGDPFORECAST,TOT,AGRWTH,A,2015,-3.5527738783,
BRA,REALGDPFORECAST,TOT,AGRWTH,A,2016,-3.4423280773,
BRA,REALGDPFORECAST,TOT,AGRWTH,A,2017,1.0454804035,
BRA,REALGDPFORECAST,TOT,AGRWTH,A,2018,1.1640644299,
BRA,REALGDPFORECAST,TOT,AGRWTH,A,2019,2.1287322489,
BRA,REALGDPFORECAST,TOT,AGRWTH,A,2020,2.4046792218,
CHL,REALGDPFORECAST,TOT,AGRWTH,A,2009,-1.5528777236,
CHL,REALGDPFORECAST,TOT,AGRWTH,A,2010,5.8866787283,
CHL,REALGDPFORECAST,TOT,AGRWTH,A,2011,6.0391290576,
CHL,REALGDPFORECAST,TOT,AGRWTH,A,2012,5.3849201067,
CHL,REALGDPFORECAST,TOT,AGRWTH,A,2013,4.0960764221,
CHL,REALGDPFORECAST,TOT,AGRWTH,A,2014,1.7531253246,
CHL,REALGDPFORECAST,TOT,AGRWTH,A,2015,2.2848874482,
CHL,REALGDPFORECAST,TOT,AGRWTH,A,2016,1.1892540754,
CHL,REALGDPFORECAST,TOT,AGRWTH,A,2017,1.6451818693,
CHL,REALGDPFORECAST,TOT,AGRWTH,A,2018,4.1491414574,
CHL,REALGDPFORECAST,TOT,AGRWTH,A,2019,3.6759147984,
CHL,REALGDPFORECAST,TOT,AGRWTH,A,2020,3.4324150621,
CHN,REALGDPFORECAST,TOT,AGRWTH,A,2009,9.39608244,
CHN,REALGDPFORECAST,TOT,AGRWTH,A,2010,10.63926667,
CHN,REALGDPFORECAST,TOT,AGRWTH,A,2011,9.53720934,
CHN,REALGDPFORECAST,TOT,AGRWTH,A,2012,7.85755083,
CHN,REALGDPFORECAST,TOT,AGRWTH,A,2013,7.75533608,
CHN,REALGDPFORECAST,TOT,AGRWTH,A,2014,7.30949179,
CHN,REALGDPFORECAST,TOT,AGRWTH,A,2015,6.92,
CHN,REALGDPFORECAST,TOT,AGRWTH,A,2016,6.7,
CHN,REALGDPFORECAST,TOT,AGRWTH,A,2017,6.9,
CHN,REALGDPFORECAST,TOT,AGRWTH,A,2018,6.5532590936,
CHN,REALGDPFORECAST,TOT,AGRWTH,A,2019,6.3039535822,
CHN,REALGDPFORECAST,TOT,AGRWTH,A,2020,6.0183130946,
EST,REALGDPFORECAST,TOT,AGRWTH,A,2009,-14.2110422223,
EST,REALGDPFORECAST,TOT,AGRWTH,A,2010,1.6506749033,
EST,REALGDPFORECAST,TOT,AGRWTH,A,2011,7.546100781,
EST,REALGDPFORECAST,TOT,AGRWTH,A,2012,4.3253748449,
EST,REALGDPFORECAST,TOT,AGRWTH,A,2013,1.994887703,
EST,REALGDPFORECAST,TOT,AGRWTH,A,2014,2.7849096946,
EST,REALGDPFORECAST,TOT,AGRWTH,A,2015,2.0612446086,
EST,REALGDPFORECAST,TOT,AGRWTH,A,2016,3.4974753852,
EST,REALGDPFORECAST,TOT,AGRWTH,A,2017,4.7402652304,
EST,REALGDPFORECAST,TOT,AGRWTH,A,2018,3.2898912587,
EST,REALGDPFORECAST,TOT,AGRWTH,A,2019,3.4795315299,
EST,REALGDPFORECAST,TOT,AGRWTH,A,2020,2.2729840858,
IND,REALGDPFORECAST,TOT,AGRWTH,A,2009,8.4797838969,
IND,REALGDPFORECAST,TOT,AGRWTH,A,2010,10.2599630646,
IND,REALGDPFORECAST,TOT,AGRWTH,A,2011,6.6383638,
IND,REALGDPFORECAST,TOT,AGRWTH,A,2012,5.4563875516,
IND,REALGDPFORECAST,TOT,AGRWTH,A,2013,6.3861064009,
IND,REALGDPFORECAST,TOT,AGRWTH,A,2014,7.4102276052,
IND,REALGDPFORECAST,TOT,AGRWTH,A,2015,8.1544250278,
IND,REALGDPFORECAST,TOT,AGRWTH,A,2016,7.1126860973,
IND,REALGDPFORECAST,TOT,AGRWTH,A,2017,6.6811822818,
IND,REALGDPFORECAST,TOT,AGRWTH,A,2018,7.5369123917,
IND,REALGDPFORECAST,TOT,AGRWTH,A,2019,7.251853595,
IND,REALGDPFORECAST,TOT,AGRWTH,A,2020,7.3562567534,
IDN,REALGDPFORECAST,TOT,AGRWTH,A,2009,4.7017685171,
IDN,REALGDPFORECAST,TOT,AGRWTH,A,2010,6.3776256857,
IDN,REALGDPFORECAST,TOT,AGRWTH,A,2011,6.1697842077,
IDN,REALGDPFORECAST,TOT,AGRWTH,A,2012,6.0300506531,
IDN,REALGDPFORECAST,TOT,AGRWTH,A,2013,5.5572636889,
IDN,REALGDPFORECAST,TOT,AGRWTH,A,2014,5.0066684258,
IDN,REALGDPFORECAST,TOT,AGRWTH,A,2015,4.8763223002,
IDN,REALGDPFORECAST,TOT,AGRWTH,A,2016,5.0332795915,
IDN,REALGDPFORECAST,TOT,AGRWTH,A,2017,5.0676802741,
IDN,REALGDPFORECAST,TOT,AGRWTH,A,2018,5.1995432226,
IDN,REALGDPFORECAST,TOT,AGRWTH,A,2019,5.164687108,
IDN,REALGDPFORECAST,TOT,AGRWTH,A,2020,5.1246662544,
ISR,REALGDPFORECAST,TOT,AGRWTH,A,2009,1.3284588136,
ISR,REALGDPFORECAST,TOT,AGRWTH,A,2010,5.4855182619,
ISR,REALGDPFORECAST,TOT,AGRWTH,A,2011,5.6249426122,
ISR,REALGDPFORECAST,TOT,AGRWTH,A,2012,2.1616479913,
ISR,REALGDPFORECAST,TOT,AGRWTH,A,2013,4.2976625165,
ISR,REALGDPFORECAST,TOT,AGRWTH,A,2014,3.8797806451,
ISR,REALGDPFORECAST,TOT,AGRWTH,A,2015,2.5230832284,
ISR,REALGDPFORECAST,TOT,AGRWTH,A,2016,4.0075239829,
ISR,REALGDPFORECAST,TOT,AGRWTH,A,2017,3.4377185213,
ISR,REALGDPFORECAST,TOT,AGRWTH,A,2018,3.5914619356,
ISR,REALGDPFORECAST,TOT,AGRWTH,A,2019,3.5296994297,
ISR,REALGDPFORECAST,TOT,AGRWTH,A,2020,3.2956370398,
RUS,REALGDPFORECAST,TOT,AGRWTH,A,2009,-7.8208849817,
RUS,REALGDPFORECAST,TOT,AGRWTH,A,2010,4.5037256436,
RUS,REALGDPFORECAST,TOT,AGRWTH,A,2011,4.1371976662,
RUS,REALGDPFORECAST,TOT,AGRWTH,A,2012,3.6559013147,
RUS,REALGDPFORECAST,TOT,AGRWTH,A,2013,1.7853545823,
RUS,REALGDPFORECAST,TOT,AGRWTH,A,2014,0.7386006613,
RUS,REALGDPFORECAST,TOT,AGRWTH,A,2015,-2.828240761,
RUS,REALGDPFORECAST,TOT,AGRWTH,A,2016,-0.1032507666,
RUS,REALGDPFORECAST,TOT,AGRWTH,A,2017,1.5456301439,
RUS,REALGDPFORECAST,TOT,AGRWTH,A,2018,1.6337870552,
RUS,REALGDPFORECAST,TOT,AGRWTH,A,2019,1.4584503418,
RUS,REALGDPFORECAST,TOT,AGRWTH,A,2020,1.7527238373,
SVN,REALGDPFORECAST,TOT,AGRWTH,A,2009,-7.7972765615,
SVN,REALGDPFORECAST,TOT,AGRWTH,A,2010,1.2377559658,
SVN,REALGDPFORECAST,TOT,AGRWTH,A,2011,0.6493669638,
SVN,REALGDPFORECAST,TOT,AGRWTH,A,2012,-2.6695821622,
SVN,REALGDPFORECAST,TOT,AGRWTH,A,2013,-1.1320548867,
SVN,REALGDPFORECAST,TOT,AGRWTH,A,2014,2.9505651201,
SVN,REALGDPFORECAST,TOT,AGRWTH,A,2015,2.304895775,
SVN,REALGDPFORECAST,TOT,AGRWTH,A,2016,3.0680871415,
SVN,REALGDPFORECAST,TOT,AGRWTH,A,2017,4.880537576,
SVN,REALGDPFORECAST,TOT,AGRWTH,A,2018,4.4360976539,
SVN,REALGDPFORECAST,TOT,AGRWTH,A,2019,3.5607062271,
SVN,REALGDPFORECAST,TOT,AGRWTH,A,2020,2.6678958627,
ZAF,REALGDPFORECAST,TOT,AGRWTH,A,2009,-1.5381008639,
ZAF,REALGDPFORECAST,TOT,AGRWTH,A,2010,3.0397770628,
ZAF,REALGDPFORECAST,TOT,AGRWTH,A,2011,3.2843551132,
ZAF,REALGDPFORECAST,TOT,AGRWTH,A,2012,2.2132055359,
ZAF,REALGDPFORECAST,TOT,AGRWTH,A,2013,2.485202145,
ZAF,REALGDPFORECAST,TOT,AGRWTH,A,2014,1.846982089,
ZAF,REALGDPFORECAST,TOT,AGRWTH,A,2015,1.2795457007,
ZAF,REALGDPFORECAST,TOT,AGRWTH,A,2016,0.5653451176,
ZAF,REALGDPFORECAST,TOT,AGRWTH,A,2017,1.31674036,
ZAF,REALGDPFORECAST,TOT,AGRWTH,A,2018,0.7326737628,
ZAF,REALGDPFORECAST,TOT,AGRWTH,A,2019,1.6538492788,
ZAF,REALGDPFORECAST,TOT,AGRWTH,A,2020,1.7693804103,
WLD,REALGDPFORECAST,TOT,AGRWTH,A,2009,-0.5344115601,
WLD,REALGDPFORECAST,TOT,AGRWTH,A,2010,5.3592879018,
WLD,REALGDPFORECAST,TOT,AGRWTH,A,2011,4.1642074805,
WLD,REALGDPFORECAST,TOT,AGRWTH,A,2012,3.2704752695,
WLD,REALGDPFORECAST,TOT,AGRWTH,A,2013,3.3568516986,
WLD,REALGDPFORECAST,TOT,AGRWTH,A,2014,3.4571525171,
WLD,REALGDPFORECAST,TOT,AGRWTH,A,2015,3.2837956498,
WLD,REALGDPFORECAST,TOT,AGRWTH,A,2016,3.0975969011,
WLD,REALGDPFORECAST,TOT,AGRWTH,A,2017,3.6323730589,
WLD,REALGDPFORECAST,TOT,AGRWTH,A,2018,3.6580239871,
WLD,REALGDPFORECAST,TOT,AGRWTH,A,2019,3.5415341103,
WLD,REALGDPFORECAST,TOT,AGRWTH,A,2020,3.5005905353,
OECD,REALGDPFORECAST,TOT,AGRWTH,A,2009,-3.4043604373,
OECD,REALGDPFORECAST,TOT,AGRWTH,A,2010,2.9791439297,
OECD,REALGDPFORECAST,TOT,AGRWTH,A,2011,2.0212907287,
OECD,REALGDPFORECAST,TOT,AGRWTH,A,2012,1.3685682251,
OECD,REALGDPFORECAST,TOT,AGRWTH,A,2013,1.5893356614,
OECD,REALGDPFORECAST,TOT,AGRWTH,A,2014,2.1665660143,
OECD,REALGDPFORECAST,TOT,AGRWTH,A,2015,2.5451510353,
OECD,REALGDPFORECAST,TOT,AGRWTH,A,2016,1.8402341844,
OECD,REALGDPFORECAST,TOT,AGRWTH,A,2017,2.5422820975,
OECD,REALGDPFORECAST,TOT,AGRWTH,A,2018,2.3695347217,
OECD,REALGDPFORECAST,TOT,AGRWTH,A,2019,2.1156446282,
OECD,REALGDPFORECAST,TOT,AGRWTH,A,2020,1.9356273561,
COL,REALGDPFORECAST,TOT,AGRWTH,A,2009,1.2054221177,
COL,REALGDPFORECAST,TOT,AGRWTH,A,2010,4.3475532501,
COL,REALGDPFORECAST,TOT,AGRWTH,A,2011,7.3625309064,
COL,REALGDPFORECAST,TOT,AGRWTH,A,2012,3.9030542158,
COL,REALGDPFORECAST,TOT,AGRWTH,A,2013,4.5668697854,
COL,REALGDPFORECAST,TOT,AGRWTH,A,2014,4.7283122429,
COL,REALGDPFORECAST,TOT,AGRWTH,A,2015,2.9559458992,
COL,REALGDPFORECAST,TOT,AGRWTH,A,2016,1.96261428,
COL,REALGDPFORECAST,TOT,AGRWTH,A,2017,1.7891925507,
COL,REALGDPFORECAST,TOT,AGRWTH,A,2018,2.8273394632,
COL,REALGDPFORECAST,TOT,AGRWTH,A,2019,3.2868352287,
COL,REALGDPFORECAST,TOT,AGRWTH,A,2020,3.3774930982,
LVA,REALGDPFORECAST,TOT,AGRWTH,A,2009,-14.4016917831,
LVA,REALGDPFORECAST,TOT,AGRWTH,A,2010,-3.9406703056,
LVA,REALGDPFORECAST,TOT,AGRWTH,A,2011,6.3810212589,
LVA,REALGDPFORECAST,TOT,AGRWTH,A,2012,4.034628375,
LVA,REALGDPFORECAST,TOT,AGRWTH,A,2013,2.4298512085,
LVA,REALGDPFORECAST,TOT,AGRWTH,A,2014,1.8582436517,
LVA,REALGDPFORECAST,TOT,AGRWTH,A,2015,2.9717038316,
LVA,REALGDPFORECAST,TOT,AGRWTH,A,2016,2.0643812961,
LVA,REALGDPFORECAST,TOT,AGRWTH,A,2017,4.6364796214,
LVA,REALGDPFORECAST,TOT,AGRWTH,A,2018,4.688024244,
LVA,REALGDPFORECAST,TOT,AGRWTH,A,2019,3.8859065949,
LVA,REALGDPFORECAST,TOT,AGRWTH,A,2020,3.3358163355,
LTU,REALGDPFORECAST,TOT,AGRWTH,A,2009,-14.8141630607,
LTU,REALGDPFORECAST,TOT,AGRWTH,A,2010,1.6398193675,
LTU,REALGDPFORECAST,TOT,AGRWTH,A,2011,6.0431307765,
LTU,REALGDPFORECAST,TOT,AGRWTH,A,2012,3.8269541776,
LTU,REALGDPFORECAST,TOT,AGRWTH,A,2013,3.4985807403,
LTU,REALGDPFORECAST,TOT,AGRWTH,A,2014,3.5375858162,
LTU,REALGDPFORECAST,TOT,AGRWTH,A,2015,2.0206279081,
LTU,REALGDPFORECAST,TOT,AGRWTH,A,2016,2.3531813075,
LTU,REALGDPFORECAST,TOT,AGRWTH,A,2017,4.1399486461,
LTU,REALGDPFORECAST,TOT,AGRWTH,A,2018,3.352024966,
LTU,REALGDPFORECAST,TOT,AGRWTH,A,2019,2.9462603112,
LTU,REALGDPFORECAST,TOT,AGRWTH,A,2020,2.5566579001,
CRI,REALGDPFORECAST,TOT,AGRWTH,A,2009,-0.980980737,
CRI,REALGDPFORECAST,TOT,AGRWTH,A,2010,4.956787897,
CRI,REALGDPFORECAST,TOT,AGRWTH,A,2011,4.3093558887,
CRI,REALGDPFORECAST,TOT,AGRWTH,A,2012,4.7840241249,
CRI,REALGDPFORECAST,TOT,AGRWTH,A,2013,2.2723391064,
CRI,REALGDPFORECAST,TOT,AGRWTH,A,2014,3.5144927844,
CRI,REALGDPFORECAST,TOT,AGRWTH,A,2015,3.6376238976,
CRI,REALGDPFORECAST,TOT,AGRWTH,A,2016,4.2423794665,
CRI,REALGDPFORECAST,TOT,AGRWTH,A,2017,3.2811631878,
CRI,REALGDPFORECAST,TOT,AGRWTH,A,2018,2.9389064917,
CRI,REALGDPFORECAST,TOT,AGRWTH,A,2019,3.0020390892,
CRI,REALGDPFORECAST,TOT,AGRWTH,A,2020,3.3103201041,
ARG,REALGDPFORECAST,TOT,AGRWTH,A,2009,-5.91852508,
ARG,REALGDPFORECAST,TOT,AGRWTH,A,2010,10.1253981643,
ARG,REALGDPFORECAST,TOT,AGRWTH,A,2011,6.0039516849,
ARG,REALGDPFORECAST,TOT,AGRWTH,A,2012,-1.026420465,
ARG,REALGDPFORECAST,TOT,AGRWTH,A,2013,2.4053237882,
ARG,REALGDPFORECAST,TOT,AGRWTH,A,2014,-2.5126153209,
ARG,REALGDPFORECAST,TOT,AGRWTH,A,2015,2.7311598355,
ARG,REALGDPFORECAST,TOT,AGRWTH,A,2016,-1.8225421668,
ARG,REALGDPFORECAST,TOT,AGRWTH,A,2017,2.8544192173,
ARG,REALGDPFORECAST,TOT,AGRWTH,A,2018,-2.8336075507,
ARG,REALGDPFORECAST,TOT,AGRWTH,A,2019,-1.8730587841,
ARG,REALGDPFORECAST,TOT,AGRWTH,A,2020,2.2683243022,